{"cameraMode":{"drawMode":0,"name":"Shaded","section":"Shading Mode"},"sceneLighting":true,"audioPlay":false,"sceneViewState":{"m_AlwaysRefresh":true,"showFog":true,"showSkybox":true,"showFlares":true,"showImageEffects":true,"showParticleSystems":true,"showVisualEffectGraphs":true,"m_FxEnabled":true},"in2DMode":false,"pivot":{"x":0.05000019073486328,"y":988.1434326171875,"z":-984.0232543945313},"rotation":{"x":0.09609752148389816,"y":-0.6495470404624939,"z":0.08326919376850128,"w":0.7496155500411987},"size":12.12435531616211,"orthographic":false}